data_fidelity,epoch,kl-divergence,loss,mse_loss,step
-1887.8974609375,5,5.777064323425293,1893.67578125,0.02727360464632511,15625
