data_fidelity,epoch,kl-divergence,loss,mse_loss,step
-269.1368713378906,3,3.2934606075286865,272.4303894042969,0.03273806720972061,5625
